Absolute Time,Time Elapsed,Temperature,Vref,Average Output

25/05/2020 at 12:57:10,0.0,42.24122992064895,3.7194525904203317,609.7003
25/05/2020 at 12:57:13,3.0,42.24122992064895,3.7194525904203317,607.35876
25/05/2020 at 12:57:16,6.0,42.24122992064895,3.7194525904203317,606.74023
25/05/2020 at 12:57:19,9.0,42.24122992064895,3.7194525904203317,606.5405
25/05/2020 at 12:57:22,12.0,42.24122992064895,3.7194525904203317,606.4844
25/05/2020 at 12:57:25,15.0,42.24122992064895,3.7194525904203317,606.4943
25/05/2020 at 12:57:43,33.0,42.24122992064895,3.7194525904203317,679.0005
25/05/2020 at 12:57:47,37.0,42.24122992064895,3.7194525904203317,677.0116
25/05/2020 at 12:57:50,40.0,42.24122992064895,3.7194525904203317,676.3844
25/05/2020 at 12:58:06,56.0,42.24122992064895,3.7194525904203317,614.34735
25/05/2020 at 12:58:09,59.0,42.24122992064895,3.7194525904203317,611.9937
25/05/2020 at 12:58:12,62.0,42.24122992064895,3.7194525904203317,611.25055
25/05/2020 at 12:58:17,67.0,41.695398452970615,3.7194525904203317,605.0821
25/05/2020 at 12:58:21,71.0,41.16275615881688,3.7194525904203317,610.8105
25/05/2020 at 12:58:25,74.0,40.93009542126816,3.7194525904203317,613.5016
25/05/2020 at 12:58:28,78.0,40.75719727805131,3.7194525904203317,616.2464
25/05/2020 at 12:58:32,81.0,40.64268065556431,3.7194525904203317,618.4628
25/05/2020 at 12:58:35,85.0,40.472013478563085,3.7194525904203317,620.5967
25/05/2020 at 12:58:38,88.0,40.358965024379735,3.7194525904203317,622.1116
25/05/2020 at 12:58:41,91.0,40.30265745799454,3.7194525904203317,623.61536
25/05/2020 at 12:58:45,94.0,40.19047197284957,3.7194525904203317,625.3193
25/05/2020 at 12:58:48,98.0,40.078854517910756,3.7194525904203317,627.23724
25/05/2020 at 12:58:51,101.0,39.96779936991534,3.7194525904203317,629.2147
25/05/2020 at 12:58:55,104.0,39.91248089608239,3.7194525904203317,631.16095
25/05/2020 at 12:58:58,108.0,39.802258665180545,3.7194525904203317,632.9126
25/05/2020 at 12:59:01,111.0,39.747353530310804,3.7194525904203317,634.6938
25/05/2020 at 12:59:04,114.0,39.69258480585453,3.7194525904203317,636.36285
25/05/2020 at 12:59:08,117.0,39.58345388864937,3.7194525904203317,638.2014
25/05/2020 at 12:59:11,121.0,39.52909035862105,3.7194525904203317,639.96246
25/05/2020 at 12:59:14,124.0,39.474860564348994,3.7194525904203317,641.8676
25/05/2020 at 12:59:18,127.0,39.366799562402925,3.7194525904203317,643.8013
25/05/2020 at 12:59:21,131.0,39.31296705639732,3.7194525904203317,645.6901
25/05/2020 at 12:59:24,134.0,39.25926568939127,3.7194525904203317,647.47955
25/05/2020 at 12:59:28,137.0,39.20569482401323,3.7194525904203317,649.2689
25/05/2020 at 12:59:31,141.0,39.1522538275271,3.7194525904203317,651.10095
25/05/2020 at 12:59:34,144.0,39.045758933194875,3.7194525904203317,653.0341
25/05/2020 at 12:59:38,147.0,38.9927037926529,3.7194525904203317,654.992
25/05/2020 at 12:59:41,151.0,38.93977603552408,3.7194525904203317,657.0436
25/05/2020 at 12:59:44,154.0,38.88697505158759,3.7194525904203317,659.1796
25/05/2020 at 12:59:48,157.0,38.83430023499695,3.7194525904203317,661.32367
25/05/2020 at 12:59:51,161.0,38.78175098423836,3.7194525904203317,663.4568
25/05/2020 at 12:59:54,164.0,38.72932670208938,3.7194525904203317,665.5255
25/05/2020 at 12:59:58,167.0,38.67702679557834,3.7194525904203317,667.6415
25/05/2020 at 13:00:01,171.0,38.57279775859576,3.7194525904203317,669.6836
25/05/2020 at 13:00:04,174.0,38.52086746307452,3.7194525904203317,671.8148
25/05/2020 at 13:00:08,177.0,38.46905921301362,3.7194525904203317,673.9138
25/05/2020 at 13:00:11,181.0,38.41737243610064,3.7194525904203317,675.9068
25/05/2020 at 13:00:14,184.0,38.365806564039374,3.7194525904203317,677.8964
25/05/2020 at 13:00:18,187.0,38.31436103251234,3.7194525904203317,679.93463
25/05/2020 at 13:00:21,191.0,38.26303528114378,3.7194525904203317,681.93756
25/05/2020 at 13:00:24,194.0,38.211828753462974,3.7194525904203317,684.0102
25/05/2020 at 13:00:28,197.0,38.160740896868084,3.7194525904203317,685.98114
25/05/2020 at 13:00:31,201.0,38.109771162590334,3.7194525904203317,687.9586
25/05/2020 at 13:00:34,204.0,38.008183884864856,3.7194525904203317,690.00195
25/05/2020 at 13:00:38,207.0,38.008183884864856,3.7194525904203317,691.95374
25/05/2020 at 13:00:41,211.0,37.95756526272872,3.7194525904203317,693.8158
25/05/2020 at 13:00:44,214.0,37.85667538294551,3.7194525904203317,695.83905
25/05/2020 at 13:00:48,217.0,37.80640306867365,3.7194525904203317,697.77997
25/05/2020 at 13:00:51,221.0,37.80640306867365,3.7194525904203317,699.76227
25/05/2020 at 13:00:54,224.0,37.70620107681131,3.7194525904203317,701.5478
25/05/2020 at 13:00:58,227.0,37.65627036406202,3.7194525904203317,703.30695
25/05/2020 at 13:01:01,231.0,37.85667538294551,3.7194525904203317,705.6945
25/05/2020 at 13:01:05,235.0,38.211828753462974,3.7194525904203317,701.4829
25/05/2020 at 13:01:08,238.0,38.365806564039374,3.7194525904203317,699.76764
25/05/2020 at 13:01:12,241.0,38.46905921301362,3.7194525904203317,699.48926
25/05/2020 at 13:01:15,244.0,38.52086746307452,3.7194525904203317,699.1385
25/05/2020 at 13:01:18,247.0,38.57279775859576,3.7194525904203317,698.8562
25/05/2020 at 13:01:21,250.0,38.62485067594398,3.7194525904203317,698.5059
25/05/2020 at 13:01:24,253.0,38.67702679557834,3.7194525904203317,698.32025
25/05/2020 at 13:01:27,256.0,38.72932670208938,3.7194525904203317,698.024
25/05/2020 at 13:01:30,260.0,38.72932670208938,3.7194525904203317,697.6863
25/05/2020 at 13:01:33,262.0,38.78175098423836,3.7194525904203317,697.467
25/05/2020 at 13:01:36,265.0,38.83430023499695,3.7194525904203317,697.29846
25/05/2020 at 13:01:39,268.0,38.83430023499695,3.7194525904203317,697.03125
25/05/2020 at 13:01:42,271.0,38.88697505158759,3.7194525904203317,696.8184
25/05/2020 at 13:01:45,274.0,38.88697505158759,3.7194525904203317,696.6485
25/05/2020 at 13:01:48,277.0,38.88697505158759,3.7194525904203317,696.43915
25/05/2020 at 13:01:51,280.0,38.93977603552408,3.7194525904203317,696.23193
25/05/2020 at 13:01:54,283.0,38.93977603552408,3.7194525904203317,696.08765
25/05/2020 at 13:01:57,286.0,38.9927037926529,3.7194525904203317,695.98016
25/05/2020 at 13:02:00,289.0,38.9927037926529,3.7194525904203317,695.86444
25/05/2020 at 13:02:03,292.0,38.9927037926529,3.7194525904203317,695.82306
25/05/2020 at 13:02:06,295.0,39.045758933194875,3.7194525904203317,695.7572
25/05/2020 at 13:02:08,298.0,39.045758933194875,3.7194525904203317,695.64655
25/05/2020 at 13:02:11,301.0,39.045758933194875,3.7194525904203317,695.5696
25/05/2020 at 13:02:14,304.0,39.09894207178738,3.7194525904203317,695.48804
25/05/2020 at 13:02:17,307.0,39.09894207178738,3.7194525904203317,695.4418
25/05/2020 at 13:02:20,310.0,39.09894207178738,3.7194525904203317,695.4004
25/05/2020 at 13:02:23,313.0,39.09894207178738,3.7194525904203317,695.30286
25/05/2020 at 13:02:26,316.0,39.1522538275271,3.7194525904203317,695.25903
25/05/2020 at 13:02:29,319.0,39.1522538275271,3.7194525904203317,695.20264
25/05/2020 at 13:02:32,322.0,39.1522538275271,3.7194525904203317,695.12854
25/05/2020 at 13:02:35,325.0,39.1522538275271,3.7194525904203317,695.09564
25/05/2020 at 13:02:38,327.0,39.20569482401323,3.7194525904203317,694.9983
25/05/2020 at 13:02:41,330.0,39.20569482401323,3.7194525904203317,694.98956
25/05/2020 at 13:02:44,333.0,39.20569482401323,3.7194525904203317,694.95984
25/05/2020 at 13:02:47,336.0,39.20569482401323,3.7194525904203317,694.9579
25/05/2020 at 13:02:50,339.0,39.20569482401323,3.7194525904203317,694.93005
25/05/2020 at 13:02:52,342.0,39.20569482401323,3.7194525904203317,694.8707
25/05/2020 at 13:02:55,345.0,39.25926568939127,3.7194525904203317,694.83295
25/05/2020 at 13:02:58,348.0,39.25926568939127,3.7194525904203317,694.82715
25/05/2020 at 13:03:01,351.0,39.25926568939127,3.7194525904203317,694.80707
25/05/2020 at 13:03:04,354.0,39.25926568939127,3.7194525904203317,694.7647
25/05/2020 at 13:03:07,357.0,39.25926568939127,3.7194525904203317,694.7407
25/05/2020 at 13:03:10,360.0,39.25926568939127,3.7194525904203317,694.74316
25/05/2020 at 13:03:13,363.0,39.31296705639732,3.7194525904203317,694.7446
25/05/2020 at 13:03:16,365.0,39.31296705639732,3.7194525904203317,694.7313
25/05/2020 at 13:03:19,368.0,39.31296705639732,3.7194525904203317,694.72595
25/05/2020 at 13:03:22,371.0,39.31296705639732,3.7194525904203317,694.7243
25/05/2020 at 13:03:25,374.0,39.31296705639732,3.7194525904203317,694.725
25/05/2020 at 13:03:27,377.0,39.31296705639732,3.7194525904203317,694.7163
25/05/2020 at 13:03:30,380.0,39.31296705639732,3.7194525904203317,694.6863
25/05/2020 at 13:03:33,383.0,39.31296705639732,3.7194525904203317,694.6991
25/05/2020 at 13:03:36,386.0,39.366799562402925,3.7194525904203317,694.6943
25/05/2020 at 13:03:39,389.0,39.366799562402925,3.7194525904203317,694.7105
25/05/2020 at 13:03:42,392.0,39.366799562402925,3.7194525904203317,694.7119
25/05/2020 at 13:03:45,395.0,39.366799562402925,3.7194525904203317,694.6964
25/05/2020 at 13:03:48,398.0,39.366799562402925,3.7194525904203317,694.6916
25/05/2020 at 13:03:51,400.0,39.366799562402925,3.7194525904203317,694.70276
25/05/2020 at 13:03:54,403.0,39.366799562402925,3.7194525904203317,694.70734
25/05/2020 at 13:03:57,406.0,39.366799562402925,3.7194525904203317,694.7238
25/05/2020 at 13:04:00,409.0,39.366799562402925,3.7194525904203317,694.7386
25/05/2020 at 13:04:02,412.0,39.420763849460435,3.7194525904203317,694.7236
25/05/2020 at 13:04:05,415.0,39.420763849460435,3.7194525904203317,694.73157
25/05/2020 at 13:04:08,418.0,39.420763849460435,3.7194525904203317,694.755
25/05/2020 at 13:04:11,421.0,39.420763849460435,3.7194525904203317,694.7795
25/05/2020 at 13:04:14,424.0,39.420763849460435,3.7194525904203317,694.7935
25/05/2020 at 13:04:17,427.0,39.420763849460435,3.7194525904203317,694.80536
25/05/2020 at 13:04:20,430.0,39.420763849460435,3.7194525904203317,694.8168
25/05/2020 at 13:04:23,432.0,39.420763849460435,3.7194525904203317,694.83905
25/05/2020 at 13:04:26,435.0,39.420763849460435,3.7194525904203317,694.8536
25/05/2020 at 13:04:29,438.0,39.420763849460435,3.7194525904203317,694.8589
25/05/2020 at 13:04:32,441.0,39.420763849460435,3.7194525904203317,694.8792
25/05/2020 at 13:04:34,444.0,39.420763849460435,3.7194525904203317,694.89276
25/05/2020 at 13:04:37,447.0,39.420763849460435,3.7194525904203317,694.9189
25/05/2020 at 13:04:40,450.0,39.420763849460435,3.7194525904203317,694.93945
25/05/2020 at 13:04:43,453.0,39.420763849460435,3.7194525904203317,694.96344
25/05/2020 at 13:04:46,456.0,39.420763849460435,3.7194525904203317,694.99756
25/05/2020 at 13:04:49,459.0,39.474860564348994,3.7194525904203317,695.0247
25/05/2020 at 13:04:52,462.0,39.474860564348994,3.7194525904203317,695.0535
25/05/2020 at 13:04:55,464.0,39.474860564348994,3.7194525904203317,695.0719
25/05/2020 at 13:04:58,467.0,39.474860564348994,3.7194525904203317,695.0961
25/05/2020 at 13:05:01,470.0,39.474860564348994,3.7194525904203317,695.1336
25/05/2020 at 13:05:04,473.0,39.474860564348994,3.7194525904203317,695.16797
25/05/2020 at 13:05:06,476.0,39.474860564348994,3.7194525904203317,695.1922
25/05/2020 at 13:05:09,479.0,39.474860564348994,3.7194525904203317,695.21497
25/05/2020 at 13:05:12,482.0,39.474860564348994,3.7194525904203317,695.2411
25/05/2020 at 13:05:15,485.0,39.474860564348994,3.7194525904203317,695.28345
25/05/2020 at 13:05:18,488.0,39.474860564348994,3.7194525904203317,695.3026
25/05/2020 at 13:05:21,491.0,39.474860564348994,3.7194525904203317,695.33575
25/05/2020 at 13:05:24,493.0,39.474860564348994,3.7194525904203317,695.3798
25/05/2020 at 13:05:27,496.0,39.474860564348994,3.7194525904203317,695.3808
25/05/2020 at 13:05:30,499.0,39.474860564348994,3.7194525904203317,695.41925
25/05/2020 at 13:05:33,502.0,39.474860564348994,3.7194525904203317,695.45435
25/05/2020 at 13:05:36,505.0,39.474860564348994,3.7194525904203317,695.4822
25/05/2020 at 13:05:38,508.0,39.474860564348994,3.7194525904203317,695.5166
25/05/2020 at 13:05:41,511.0,39.474860564348994,3.7194525904203317,695.5459
25/05/2020 at 13:05:44,514.0,39.474860564348994,3.7194525904203317,695.58026
25/05/2020 at 13:05:47,517.0,39.474860564348994,3.7194525904203317,695.61487
25/05/2020 at 13:05:50,520.0,39.474860564348994,3.7194525904203317,695.63086
25/05/2020 at 13:05:53,523.0,39.474860564348994,3.7194525904203317,695.67175
25/05/2020 at 13:05:56,525.0,39.474860564348994,3.7194525904203317,695.71533
25/05/2020 at 13:05:59,528.0,39.474860564348994,3.7194525904203317,695.7475
25/05/2020 at 13:06:02,531.0,39.474860564348994,3.7194525904203317,695.7674
25/05/2020 at 13:06:05,534.0,39.474860564348994,3.7194525904203317,695.802
25/05/2020 at 13:06:07,537.0,39.474860564348994,3.7194525904203317,695.8383
25/05/2020 at 13:06:10,540.0,39.474860564348994,3.7194525904203317,695.8722
25/05/2020 at 13:06:13,543.0,39.474860564348994,3.7194525904203317,695.9068
25/05/2020 at 13:06:16,546.0,39.474860564348994,3.7194525904203317,695.9426
25/05/2020 at 13:06:19,549.0,39.474860564348994,3.7194525904203317,695.98114
25/05/2020 at 13:06:22,552.0,39.474860564348994,3.7194525904203317,696.015
25/05/2020 at 13:06:25,554.0,39.474860564348994,3.7194525904203317,696.0414
25/05/2020 at 13:06:28,557.0,39.474860564348994,3.7194525904203317,696.0755
25/05/2020 at 13:06:31,560.0,39.474860564348994,3.7194525904203317,696.0932
25/05/2020 at 13:06:34,563.0,39.474860564348994,3.7194525904203317,696.1273
25/05/2020 at 13:06:36,566.0,39.52909035862105,3.7194525904203317,696.16705
25/05/2020 at 13:06:39,569.0,39.52909035862105,3.7194525904203317,696.1891
25/05/2020 at 13:06:42,572.0,39.52909035862105,3.7194525904203317,696.22394
25/05/2020 at 13:06:45,575.0,39.52909035862105,3.7194525904203317,696.2476
25/05/2020 at 13:06:48,578.0,39.52909035862105,3.7194525904203317,696.27765
25/05/2020 at 13:06:51,580.0,39.52909035862105,3.7194525904203317,696.31226
25/05/2020 at 13:06:54,583.0,39.52909035862105,3.7194525904203317,696.33453
25/05/2020 at 13:06:57,586.0,39.52909035862105,3.7194525904203317,696.37665
25/05/2020 at 13:07:00,589.0,39.52909035862105,3.7194525904203317,696.4398
25/05/2020 at 13:07:02,592.0,39.52909035862105,3.7194525904203317,696.4713
25/05/2020 at 13:07:05,595.0,39.52909035862105,3.7194525904203317,696.5006
25/05/2020 at 13:07:08,598.0,39.52909035862105,3.7194525904203317,696.5311
25/05/2020 at 13:07:11,601.0,39.52909035862105,3.7194525904203317,696.5512
25/05/2020 at 13:07:14,604.0,39.52909035862105,3.7194525904203317,696.58075
25/05/2020 at 13:07:17,607.0,39.52909035862105,3.7194525904203317,696.6262
25/05/2020 at 13:07:20,609.0,39.52909035862105,3.7194525904203317,696.6747
25/05/2020 at 13:07:23,612.0,39.52909035862105,3.7194525904203317,696.7076
25/05/2020 at 13:07:26,615.0,39.52909035862105,3.7194525904203317,696.7369
25/05/2020 at 13:07:29,618.0,39.52909035862105,3.7194525904203317,696.77924
25/05/2020 at 13:07:31,621.0,39.52909035862105,3.7194525904203317,696.8589
25/05/2020 at 13:07:34,624.0,39.52909035862105,3.7194525904203317,696.909
25/05/2020 at 13:07:37,627.0,39.52909035862105,3.7194525904203317,696.9482
25/05/2020 at 13:07:40,630.0,39.52909035862105,3.7194525904203317,697.0225
25/05/2020 at 13:07:43,633.0,39.52909035862105,3.7194525904203317,697.09827
25/05/2020 at 13:07:46,636.0,39.52909035862105,3.7194525904203317,697.1762
25/05/2020 at 13:07:49,638.0,39.52909035862105,3.7194525904203317,697.238
25/05/2020 at 13:07:52,641.0,39.52909035862105,3.7194525904203317,697.2895
25/05/2020 at 13:07:55,644.0,39.52909035862105,3.7194525904203317,697.33844
25/05/2020 at 13:07:58,647.0,39.52909035862105,3.7194525904203317,697.3699
25/05/2020 at 13:08:00,650.0,39.52909035862105,3.7194525904203317,697.42773
25/05/2020 at 13:08:03,653.0,39.52909035862105,3.7194525904203317,697.5294
25/05/2020 at 13:08:06,656.0,39.52909035862105,3.7194525904203317,697.6289
25/05/2020 at 13:08:09,659.0,39.52909035862105,3.7194525904203317,697.74
25/05/2020 at 13:08:12,662.0,39.52909035862105,3.7194525904203317,697.83905
25/05/2020 at 13:08:15,665.0,39.52909035862105,3.7194525904203317,698.3873
25/05/2020 at 13:08:18,668.0,39.52909035862105,3.7194525904203317,698.755
25/05/2020 at 13:08:21,671.0,39.52909035862105,3.7194525904203317,699.1426
25/05/2020 at 13:08:24,674.0,39.52909035862105,3.7194525904203317,699.44104
25/05/2020 at 13:08:27,676.0,39.52909035862105,3.7194525904203317,699.7892
25/05/2020 at 13:08:30,680.0,39.52909035862105,3.7194525904203317,701.1767
25/05/2020 at 13:08:36,685.0,39.52909035862105,3.7194525904203317,712.82886
25/05/2020 at 13:08:39,688.0,39.52909035862105,3.7194525904203317,713.7819
25/05/2020 at 13:08:42,691.0,39.52909035862105,3.7194525904203317,714.61096
25/05/2020 at 13:08:45,694.0,39.52909035862105,3.7194525904203317,714.69135
25/05/2020 at 13:08:48,697.0,39.52909035862105,3.7194525904203317,714.61414
25/05/2020 at 13:08:51,700.0,39.52909035862105,3.7194525904203317,715.0283
25/05/2020 at 13:08:54,703.0,39.52909035862105,3.7194525904203317,715.5098
25/05/2020 at 13:08:57,706.0,39.52909035862105,3.7194525904203317,715.787
25/05/2020 at 13:09:00,709.0,39.52909035862105,3.7194525904203317,716.06006
25/05/2020 at 13:09:03,712.0,39.52909035862105,3.7194525904203317,716.32947
25/05/2020 at 13:09:06,715.0,39.52909035862105,3.7194525904203317,716.5677
25/05/2020 at 13:09:11,720.0,39.58345388864937,3.7194525904203317,725.4902
25/05/2020 at 13:09:15,725.0,39.58345388864937,3.7194525904203317,732.17065
25/05/2020 at 13:09:18,728.0,39.58345388864937,3.7194525904203317,732.4047
25/05/2020 at 13:09:21,731.0,39.58345388864937,3.7194525904203317,732.40063
25/05/2020 at 13:09:24,733.0,39.58345388864937,3.7194525904203317,732.305
25/05/2020 at 13:09:27,736.0,39.58345388864937,3.7194525904203317,732.21106
25/05/2020 at 13:09:30,739.0,39.58345388864937,3.7194525904203317,732.0678
25/05/2020 at 13:09:33,742.0,39.58345388864937,3.7194525904203317,731.8845
25/05/2020 at 13:09:35,745.0,39.58345388864937,3.7194525904203317,731.73975
25/05/2020 at 13:09:38,748.0,39.58345388864937,3.7194525904203317,731.5214
25/05/2020 at 13:09:41,751.0,39.58345388864937,3.7194525904203317,731.35223
25/05/2020 at 13:09:44,754.0,39.58345388864937,3.7194525904203317,731.37933
25/05/2020 at 13:09:47,757.0,39.58345388864937,3.7194525904203317,731.20526
25/05/2020 at 13:09:50,760.0,39.58345388864937,3.7194525904203317,731.03265
25/05/2020 at 13:09:53,763.0,39.63795181567482,3.7194525904203317,730.9015
25/05/2020 at 13:09:56,765.0,39.63795181567482,3.7194525904203317,730.6943
25/05/2020 at 13:09:59,768.0,39.63795181567482,3.7194525904203317,730.6485
25/05/2020 at 13:10:02,771.0,39.63795181567482,3.7194525904203317,730.5771
25/05/2020 at 13:10:05,774.0,39.63795181567482,3.7194525904203317,730.5171
25/05/2020 at 13:10:07,777.0,39.63795181567482,3.7194525904203317,730.4573
25/05/2020 at 13:10:10,780.0,39.63795181567482,3.7194525904203317,730.42316
25/05/2020 at 13:10:13,783.0,39.63795181567482,3.7194525904203317,730.3631
25/05/2020 at 13:10:16,786.0,39.63795181567482,3.7194525904203317,730.36505
25/05/2020 at 13:10:19,789.0,39.63795181567482,3.7194525904203317,730.33575
25/05/2020 at 13:10:22,792.0,39.63795181567482,3.7194525904203317,730.31714
25/05/2020 at 13:10:25,794.0,39.63795181567482,3.7194525904203317,730.3263
25/05/2020 at 13:10:28,797.0,39.58345388864937,3.7194525904203317,730.36383
25/05/2020 at 13:10:31,800.0,39.58345388864937,3.7194525904203317,730.39606
25/05/2020 at 13:10:34,803.0,39.58345388864937,3.7194525904203317,730.32196
25/05/2020 at 13:10:36,806.0,39.58345388864937,3.7194525904203317,730.26337
25/05/2020 at 13:10:39,809.0,39.58345388864937,3.7194525904203317,730.191
25/05/2020 at 13:10:42,812.0,39.58345388864937,3.7194525904203317,730.129
25/05/2020 at 13:10:45,815.0,39.58345388864937,3.7194525904203317,730.06635
25/05/2020 at 13:10:48,818.0,39.58345388864937,3.7194525904203317,730.02515
25/05/2020 at 13:10:51,820.0,39.58345388864937,3.7194525904203317,729.9753
25/05/2020 at 13:10:54,823.0,39.58345388864937,3.7194525904203317,729.9327
25/05/2020 at 13:10:57,826.0,39.58345388864937,3.7194525904203317,729.8809
25/05/2020 at 13:10:59,829.0,39.58345388864937,3.7194525904203317,729.8441
25/05/2020 at 13:11:02,832.0,39.58345388864937,3.7194525904203317,729.8049
25/05/2020 at 13:11:05,835.0,39.58345388864937,3.7194525904203317,729.77246
25/05/2020 at 13:11:08,838.0,39.58345388864937,3.7194525904203317,729.74536
25/05/2020 at 13:11:11,841.0,39.58345388864937,3.7194525904203317,729.7192
25/05/2020 at 13:11:14,843.0,39.58345388864937,3.7194525904203317,729.6964
25/05/2020 at 13:11:17,846.0,39.58345388864937,3.7194525904203317,729.6824
25/05/2020 at 13:11:20,849.0,39.58345388864937,3.7194525904203317,729.65454
25/05/2020 at 13:11:23,852.0,39.58345388864937,3.7194525904203317,729.62213
25/05/2020 at 13:11:25,855.0,39.58345388864937,3.7194525904203317,729.6204
25/05/2020 at 13:11:28,858.0,39.58345388864937,3.7194525904203317,729.6248
25/05/2020 at 13:11:31,861.0,39.58345388864937,3.7194525904203317,729.6178
25/05/2020 at 13:11:34,864.0,39.58345388864937,3.7194525904203317,729.6081
25/05/2020 at 13:11:37,867.0,39.58345388864937,3.7194525904203317,729.6093
25/05/2020 at 13:11:40,869.0,39.58345388864937,3.7194525904203317,729.59283
25/05/2020 at 13:11:43,872.0,39.58345388864937,3.7194525904203317,729.5841
25/05/2020 at 13:11:46,875.0,39.58345388864937,3.7194525904203317,729.588
25/05/2020 at 13:11:48,878.0,39.58345388864937,3.7194525904203317,729.58826
25/05/2020 at 13:11:51,881.0,39.58345388864937,3.7194525904203317,729.5955
25/05/2020 at 13:11:54,884.0,39.58345388864937,3.7194525904203317,729.6064
25/05/2020 at 13:11:57,887.0,39.58345388864937,3.7194525904203317,729.5916
25/05/2020 at 13:12:00,890.0,39.58345388864937,3.7194525904203317,729.6248
25/05/2020 at 13:12:03,893.0,39.58345388864937,3.7194525904203317,729.6449
25/05/2020 at 13:12:06,895.0,39.58345388864937,3.7194525904203317,729.67175
25/05/2020 at 13:12:09,898.0,39.58345388864937,3.7194525904203317,729.69763
25/05/2020 at 13:12:12,901.0,39.58345388864937,3.7194525904203317,729.7318
25/05/2020 at 13:12:14,904.0,39.58345388864937,3.7194525904203317,729.7606
25/05/2020 at 13:12:17,907.0,39.52909035862105,3.7194525904203317,729.7896
25/05/2020 at 13:12:20,910.0,39.52909035862105,3.7194525904203317,729.82404
25/05/2020 at 13:12:23,913.0,39.52909035862105,3.7194525904203317,729.84845
25/05/2020 at 13:12:26,916.0,39.52909035862105,3.7194525904203317,729.88794
25/05/2020 at 13:12:29,919.0,39.52909035862105,3.7194525904203317,729.9046
25/05/2020 at 13:12:32,921.0,39.52909035862105,3.7194525904203317,729.9591
25/05/2020 at 13:12:35,924.0,39.52909035862105,3.7194525904203317,729.98425
25/05/2020 at 13:12:38,927.0,39.52909035862105,3.7194525904203317,730.0184
25/05/2020 at 13:12:40,930.0,39.52909035862105,3.7194525904203317,730.07336
25/05/2020 at 13:12:43,933.0,39.52909035862105,3.7194525904203317,730.10144
25/05/2020 at 13:12:46,936.0,39.52909035862105,3.7194525904203317,730.1428
25/05/2020 at 13:12:49,939.0,39.52909035862105,3.7194525904203317,730.1726
25/05/2020 at 13:12:52,942.0,39.52909035862105,3.7194525904203317,730.2067
25/05/2020 at 13:12:55,945.0,39.52909035862105,3.7194525904203317,730.2353
25/05/2020 at 13:12:58,947.0,39.52909035862105,3.7194525904203317,730.28564
25/05/2020 at 13:13:01,950.0,39.52909035862105,3.7194525904203317,730.31274
25/05/2020 at 13:13:04,953.0,39.52909035862105,3.7194525904203317,730.3912
25/05/2020 at 13:13:06,956.0,39.52909035862105,3.7194525904203317,730.4164
25/05/2020 at 13:13:09,959.0,39.52909035862105,3.7194525904203317,730.48364
25/05/2020 at 13:13:12,962.0,39.52909035862105,3.7194525904203317,730.6277
25/05/2020 at 13:13:15,965.0,39.52909035862105,3.7194525904203317,730.6417
25/05/2020 at 13:13:18,968.0,39.52909035862105,3.7194525904203317,730.6742
25/05/2020 at 13:13:21,971.0,39.52909035862105,3.7194525904203317,730.7134
25/05/2020 at 13:13:24,973.0,39.474860564348994,3.7194525904203317,730.7497
25/05/2020 at 13:13:27,976.0,39.474860564348994,3.7194525904203317,730.8308
25/05/2020 at 13:13:30,979.0,39.474860564348994,3.7194525904203317,730.81024
25/05/2020 at 13:13:32,982.0,39.474860564348994,3.7194525904203317,730.7853
25/05/2020 at 13:13:35,985.0,39.474860564348994,3.7194525904203317,730.7536
25/05/2020 at 13:13:38,988.0,39.474860564348994,3.7194525904203317,730.7204
25/05/2020 at 13:13:41,991.0,39.474860564348994,3.7194525904203317,730.69836
25/05/2020 at 13:13:44,994.0,39.474860564348994,3.7194525904203317,730.66833
25/05/2020 at 13:13:47,996.0,39.474860564348994,3.7194525904203317,730.6444
25/05/2020 at 13:13:50,999.0,39.474860564348994,3.7194525904203317,730.6284
25/05/2020 at 13:13:53,1002.0,39.474860564348994,3.7194525904203317,730.61414
25/05/2020 at 13:13:55,1005.0,39.474860564348994,3.7194525904203317,730.60034
25/05/2020 at 13:13:58,1008.0,39.474860564348994,3.7194525904203317,730.57855
25/05/2020 at 13:14:01,1011.0,39.474860564348994,3.7194525904203317,730.54755
25/05/2020 at 13:14:04,1014.0,39.474860564348994,3.7194525904203317,730.526
25/05/2020 at 13:14:07,1016.0,39.474860564348994,3.7194525904203317,730.49335
25/05/2020 at 13:14:10,1019.0,39.474860564348994,3.7194525904203317,730.4735
25/05/2020 at 13:14:13,1022.0,39.474860564348994,3.7194525904203317,730.4464
25/05/2020 at 13:14:16,1025.0,39.474860564348994,3.7194525904203317,730.41876
25/05/2020 at 13:14:18,1028.0,39.474860564348994,3.7194525904203317,730.3796
25/05/2020 at 13:14:21,1031.0,39.474860564348994,3.7194525904203317,730.3699
25/05/2020 at 13:14:24,1034.0,39.52909035862105,3.7194525904203317,730.35223
25/05/2020 at 13:14:27,1037.0,39.52909035862105,3.7194525904203317,730.27136
25/05/2020 at 13:14:30,1040.0,39.52909035862105,3.7194525904203317,730.2636
25/05/2020 at 13:14:33,1042.0,39.52909035862105,3.7194525904203317,730.2493
25/05/2020 at 13:14:36,1045.0,39.52909035862105,3.7194525904203317,730.25006
25/05/2020 at 13:14:38,1048.0,39.52909035862105,3.7194525904203317,730.26025
25/05/2020 at 13:14:41,1051.0,39.52909035862105,3.7194525904203317,730.2605
25/05/2020 at 13:14:44,1054.0,39.52909035862105,3.7194525904203317,730.2842
25/05/2020 at 13:14:47,1057.0,39.52909035862105,3.7194525904203317,730.2951
25/05/2020 at 13:14:50,1060.0,39.52909035862105,3.7194525904203317,730.313
25/05/2020 at 13:14:53,1062.0,39.52909035862105,3.7194525904203317,730.3176
25/05/2020 at 13:14:56,1065.0,39.52909035862105,3.7194525904203317,730.328
25/05/2020 at 13:14:58,1068.0,39.52909035862105,3.7194525904203317,730.34375
25/05/2020 at 13:15:01,1071.0,39.52909035862105,3.7194525904203317,730.35706
25/05/2020 at 13:15:04,1074.0,39.52909035862105,3.7194525904203317,730.3718
25/05/2020 at 13:15:07,1077.0,39.52909035862105,3.7194525904203317,730.3818
25/05/2020 at 13:15:10,1079.0,39.52909035862105,3.7194525904203317,730.38904
25/05/2020 at 13:15:13,1082.0,39.52909035862105,3.7194525904203317,730.4062
25/05/2020 at 13:15:16,1085.0,39.52909035862105,3.7194525904203317,730.4287
25/05/2020 at 13:15:18,1088.0,39.52909035862105,3.7194525904203317,730.4357
25/05/2020 at 13:15:21,1091.0,39.52909035862105,3.7194525904203317,730.44324
25/05/2020 at 13:15:24,1094.0,39.52909035862105,3.7194525904203317,730.45386
25/05/2020 at 13:15:27,1097.0,39.52909035862105,3.7194525904203317,730.4568
25/05/2020 at 13:15:30,1100.0,39.52909035862105,3.7194525904203317,730.47327
25/05/2020 at 13:15:33,1102.0,39.52909035862105,3.7194525904203317,730.48364
25/05/2020 at 13:15:36,1105.0,39.52909035862105,3.7194525904203317,730.49384
25/05/2020 at 13:15:38,1108.0,39.52909035862105,3.7194525904203317,730.51245
25/05/2020 at 13:15:41,1111.0,39.52909035862105,3.7194525904203317,730.5347
25/05/2020 at 13:15:44,1114.0,39.52909035862105,3.7194525904203317,730.56525
25/05/2020 at 13:15:47,1117.0,39.52909035862105,3.7194525904203317,730.57007
25/05/2020 at 13:15:50,1119.0,39.52909035862105,3.7194525904203317,730.5899
25/05/2020 at 13:15:53,1122.0,39.52909035862105,3.7194525904203317,730.61365
25/05/2020 at 13:15:56,1125.0,39.52909035862105,3.7194525904203317,730.62286
25/05/2020 at 13:15:58,1128.0,39.52909035862105,3.7194525904203317,730.64923
25/05/2020 at 13:16:01,1131.0,39.52909035862105,3.7194525904203317,730.67535
25/05/2020 at 13:16:04,1134.0,39.52909035862105,3.7194525904203317,730.6933
25/05/2020 at 13:16:07,1137.0,39.52909035862105,3.7194525904203317,730.7044
25/05/2020 at 13:16:10,1139.0,39.52909035862105,3.7194525904203317,730.72766
25/05/2020 at 13:16:13,1142.0,39.52909035862105,3.7194525904203317,730.756
25/05/2020 at 13:16:16,1145.0,39.52909035862105,3.7194525904203317,730.778
25/05/2020 at 13:16:18,1148.0,39.52909035862105,3.7194525904203317,730.79736
25/05/2020 at 13:16:21,1151.0,39.52909035862105,3.7194525904203317,730.8199
25/05/2020 at 13:16:24,1154.0,39.52909035862105,3.7194525904203317,730.8383
25/05/2020 at 13:16:27,1157.0,39.52909035862105,3.7194525904203317,730.8671
25/05/2020 at 13:16:30,1159.0,39.52909035862105,3.7194525904203317,730.88477
25/05/2020 at 13:16:33,1162.0,39.52909035862105,3.7194525904203317,731.03485
25/05/2020 at 13:16:36,1165.0,39.52909035862105,3.7194525904203317,731.0261
25/05/2020 at 13:16:38,1168.0,39.52909035862105,3.7194525904203317,731.0426
25/05/2020 at 13:16:41,1171.0,39.52909035862105,3.7194525904203317,731.05835
25/05/2020 at 13:16:44,1174.0,39.52909035862105,3.7194525904203317,731.076
25/05/2020 at 13:16:47,1177.0,39.52909035862105,3.7194525904203317,731.08716
25/05/2020 at 13:16:50,1180.0,39.52909035862105,3.7194525904203317,731.0927
25/05/2020 at 13:16:53,1182.0,39.52909035862105,3.7194525904203317,731.12805
25/05/2020 at 13:16:56,1185.0,39.52909035862105,3.7194525904203317,731.13824
25/05/2020 at 13:16:59,1188.0,39.52909035862105,3.7194525904203317,731.1646
25/05/2020 at 13:17:01,1191.0,39.52909035862105,3.7194525904203317,731.18835
25/05/2020 at 13:17:04,1194.0,39.52909035862105,3.7194525904203317,731.2181
25/05/2020 at 13:17:07,1197.0,39.52909035862105,3.7194525904203317,731.229
25/05/2020 at 13:17:10,1200.0,39.52909035862105,3.7194525904203317,731.24713
25/05/2020 at 13:17:13,1202.0,39.52909035862105,3.7194525904203317,731.2886
25/05/2020 at 13:17:16,1205.0,39.52909035862105,3.7194525904203317,731.2965
25/05/2020 at 13:17:19,1208.0,39.52909035862105,3.7194525904203317,731.3101
25/05/2020 at 13:17:21,1211.0,39.52909035862105,3.7194525904203317,731.33234
25/05/2020 at 13:17:24,1214.0,39.52909035862105,3.7194525904203317,731.34106
25/05/2020 at 13:17:27,1217.0,39.52909035862105,3.7194525904203317,731.36237
25/05/2020 at 13:17:30,1220.0,39.52909035862105,3.7194525904203317,731.3822
25/05/2020 at 13:17:33,1222.0,39.52909035862105,3.7194525904203317,731.41614
25/05/2020 at 13:17:36,1225.0,39.52909035862105,3.7194525904203317,731.42944
25/05/2020 at 13:17:39,1228.0,39.52909035862105,3.7194525904203317,731.451
25/05/2020 at 13:17:41,1231.0,39.52909035862105,3.7194525904203317,731.47614
25/05/2020 at 13:17:44,1234.0,39.52909035862105,3.7194525904203317,731.49335
25/05/2020 at 13:17:47,1237.0,39.52909035862105,3.7194525904203317,731.5255
25/05/2020 at 13:17:50,1240.0,39.52909035862105,3.7194525904203317,731.53955
25/05/2020 at 13:17:53,1243.0,39.52909035862105,3.7194525904203317,731.57007
25/05/2020 at 13:17:56,1245.0,39.52909035862105,3.7194525904203317,731.6037
25/05/2020 at 13:17:59,1248.0,39.52909035862105,3.7194525904203317,731.62286
25/05/2020 at 13:18:02,1251.0,39.52909035862105,3.7194525904203317,731.6459
25/05/2020 at 13:18:04,1254.0,39.52909035862105,3.7194525904203317,731.7504
25/05/2020 at 13:18:07,1257.0,39.52909035862105,3.7194525904203317,731.7657
25/05/2020 at 13:18:10,1260.0,39.52909035862105,3.7194525904203317,731.7635
25/05/2020 at 13:18:13,1263.0,39.52909035862105,3.7194525904203317,731.80414
25/05/2020 at 13:18:16,1265.0,39.52909035862105,3.7194525904203317,731.82764
25/05/2020 at 13:18:19,1268.0,39.52909035862105,3.7194525904203317,731.84894
25/05/2020 at 13:18:22,1271.0,39.52909035862105,3.7194525904203317,731.8785
25/05/2020 at 13:18:25,1274.0,39.52909035862105,3.7194525904203317,731.9746
25/05/2020 at 13:18:27,1277.0,39.52909035862105,3.7194525904203317,731.9988
25/05/2020 at 13:18:30,1280.0,39.52909035862105,3.7194525904203317,732.02106
25/05/2020 at 13:18:33,1283.0,39.474860564348994,3.7194525904203317,732.0479
25/05/2020 at 13:18:36,1286.0,39.474860564348994,3.7194525904203317,732.137
25/05/2020 at 13:18:39,1288.0,39.474860564348994,3.7194525904203317,732.12225
25/05/2020 at 13:18:42,1291.0,39.474860564348994,3.7194525904203317,732.1181
25/05/2020 at 13:18:45,1294.0,39.474860564348994,3.7194525904203317,732.11206
25/05/2020 at 13:18:47,1297.0,39.474860564348994,3.7194525904203317,732.1043
25/05/2020 at 13:18:50,1300.0,39.474860564348994,3.7194525904203317,732.0886
25/05/2020 at 13:18:53,1303.0,39.474860564348994,3.7194525904203317,732.0673
25/05/2020 at 13:18:56,1306.0,39.474860564348994,3.7194525904203317,732.0394
25/05/2020 at 13:18:59,1309.0,39.474860564348994,3.7194525904203317,732.0172
25/05/2020 at 13:19:02,1311.0,39.474860564348994,3.7194525904203317,731.99854
25/05/2020 at 13:19:05,1314.0,39.474860564348994,3.7194525904203317,731.9862
25/05/2020 at 13:19:08,1317.0,39.474860564348994,3.7194525904203317,731.9877
25/05/2020 at 13:19:10,1320.0,39.52909035862105,3.7194525904203317,731.9649
25/05/2020 at 13:19:13,1323.0,39.52909035862105,3.7194525904203317,731.8925
25/05/2020 at 13:19:16,1326.0,39.52909035862105,3.7194525904203317,731.88525
25/05/2020 at 13:19:19,1329.0,39.52909035862105,3.7194525904203317,731.8712
25/05/2020 at 13:19:22,1332.0,39.52909035862105,3.7194525904203317,731.8695
25/05/2020 at 13:19:25,1334.0,39.52909035862105,3.7194525904203317,731.8712
25/05/2020 at 13:19:28,1337.0,39.52909035862105,3.7194525904203317,731.869
25/05/2020 at 13:19:30,1340.0,39.52909035862105,3.7194525904203317,731.8744
25/05/2020 at 13:19:33,1343.0,39.52909035862105,3.7194525904203317,731.8845
25/05/2020 at 13:19:36,1346.0,39.52909035862105,3.7194525904203317,731.8998
25/05/2020 at 13:19:39,1349.0,39.52909035862105,3.7194525904203317,731.90875
25/05/2020 at 13:19:42,1352.0,39.52909035862105,3.7194525904203317,731.92786
25/05/2020 at 13:19:45,1354.0,39.52909035862105,3.7194525904203317,731.9407
25/05/2020 at 13:19:48,1357.0,39.52909035862105,3.7194525904203317,731.9547
25/05/2020 at 13:19:50,1360.0,39.52909035862105,3.7194525904203317,731.9671
25/05/2020 at 13:19:53,1363.0,39.52909035862105,3.7194525904203317,731.9799
25/05/2020 at 13:19:56,1366.0,39.52909035862105,3.7194525904203317,731.9814
25/05/2020 at 13:19:59,1369.0,39.52909035862105,3.7194525904203317,731.9973
25/05/2020 at 13:20:02,1371.0,39.52909035862105,3.7194525904203317,732.01044
25/05/2020 at 13:20:05,1374.0,39.52909035862105,3.7194525904203317,732.0305
25/05/2020 at 13:20:08,1377.0,39.52909035862105,3.7194525904203317,732.0533
25/05/2020 at 13:20:10,1380.0,39.52909035862105,3.7194525904203317,732.06683
25/05/2020 at 13:20:13,1383.0,39.52909035862105,3.7194525904203317,732.0852
25/05/2020 at 13:20:16,1386.0,39.52909035862105,3.7194525904203317,732.1135
25/05/2020 at 13:20:19,1389.0,39.52909035862105,3.7194525904203317,732.1331
25/05/2020 at 13:20:22,1391.0,39.52909035862105,3.7194525904203317,732.1661
25/05/2020 at 13:20:25,1394.0,39.52909035862105,3.7194525904203317,732.1895
25/05/2020 at 13:20:28,1397.0,39.52909035862105,3.7194525904203317,732.1922
25/05/2020 at 13:20:30,1400.0,39.52909035862105,3.7194525904203317,732.21014
25/05/2020 at 13:20:33,1403.0,39.52909035862105,3.7194525904203317,732.2174
25/05/2020 at 13:20:36,1406.0,39.52909035862105,3.7194525904203317,732.23987
25/05/2020 at 13:20:39,1409.0,39.52909035862105,3.7194525904203317,732.246
25/05/2020 at 13:20:42,1411.0,39.52909035862105,3.7194525904203317,732.2791
25/05/2020 at 13:20:45,1414.0,39.52909035862105,3.7194525904203317,732.2888
25/05/2020 at 13:20:47,1417.0,39.52909035862105,3.7194525904203317,732.3164
25/05/2020 at 13:20:50,1420.0,39.52909035862105,3.7194525904203317,732.3273
25/05/2020 at 13:20:53,1423.0,39.52909035862105,3.7194525904203317,732.359
25/05/2020 at 13:20:56,1426.0,39.52909035862105,3.7194525904203317,732.3699
25/05/2020 at 13:20:59,1428.0,39.52909035862105,3.7194525904203317,732.38904
25/05/2020 at 13:21:02,1431.0,39.52909035862105,3.7194525904203317,732.4125
25/05/2020 at 13:21:05,1434.0,39.52909035862105,3.7194525904203317,732.4265
25/05/2020 at 13:21:07,1437.0,39.52909035862105,3.7194525904203317,732.44806
25/05/2020 at 13:21:10,1440.0,39.52909035862105,3.7194525904203317,732.4665
25/05/2020 at 13:21:13,1443.0,39.52909035862105,3.7194525904203317,732.48486
25/05/2020 at 13:21:16,1446.0,39.52909035862105,3.7194525904203317,732.5096
25/05/2020 at 13:21:19,1448.0,39.52909035862105,3.7194525904203317,732.54346
25/05/2020 at 13:21:22,1451.0,39.52909035862105,3.7194525904203317,732.56476
25/05/2020 at 13:21:25,1454.0,39.52909035862105,3.7194525904203317,732.5834
25/05/2020 at 13:21:27,1457.0,39.52909035862105,3.7194525904203317,732.59625
25/05/2020 at 13:21:30,1460.0,39.52909035862105,3.7194525904203317,732.6178
25/05/2020 at 13:21:33,1463.0,39.52909035862105,3.7194525904203317,732.62335
25/05/2020 at 13:21:36,1466.0,39.52909035862105,3.7194525904203317,732.6582
25/05/2020 at 13:21:39,1468.0,39.52909035862105,3.7194525904203317,732.6785
25/05/2020 at 13:21:42,1471.0,39.52909035862105,3.7194525904203317,732.72015
25/05/2020 at 13:21:44,1474.0,39.52909035862105,3.7194525904203317,732.7475
25/05/2020 at 13:21:47,1477.0,39.52909035862105,3.7194525904203317,732.76715
25/05/2020 at 13:21:50,1480.0,39.52909035862105,3.7194525904203317,732.78455
25/05/2020 at 13:21:53,1483.0,39.52909035862105,3.7194525904203317,732.8061
25/05/2020 at 13:21:56,1485.0,39.52909035862105,3.7194525904203317,732.82666
25/05/2020 at 13:21:59,1488.0,39.52909035862105,3.7194525904203317,732.8509
25/05/2020 at 13:22:02,1491.0,39.52909035862105,3.7194525904203317,732.8567
25/05/2020 at 13:22:04,1494.0,39.52909035862105,3.7194525904203317,732.87146
25/05/2020 at 13:22:07,1497.0,39.52909035862105,3.7194525904203317,732.90753
25/05/2020 at 13:22:10,1500.0,39.52909035862105,3.7194525904203317,732.9264
25/05/2020 at 13:22:13,1503.0,39.52909035862105,3.7194525904203317,732.95764
25/05/2020 at 13:22:16,1505.0,39.52909035862105,3.7194525904203317,732.9937
25/05/2020 at 13:22:19,1508.0,39.52909035862105,3.7194525904203317,733.0184
25/05/2020 at 13:22:22,1511.0,39.52909035862105,3.7194525904203317,733.0474
25/05/2020 at 13:22:24,1514.0,39.52909035862105,3.7194525904203317,733.0607
25/05/2020 at 13:22:27,1517.0,39.52909035862105,3.7194525904203317,733.09076
25/05/2020 at 13:22:30,1520.0,39.52909035862105,3.7194525904203317,733.1024
25/05/2020 at 13:22:33,1522.0,39.52909035862105,3.7194525904203317,733.13196
25/05/2020 at 13:22:36,1525.0,39.52909035862105,3.7194525904203317,733.15686
25/05/2020 at 13:22:39,1528.0,39.52909035862105,3.7194525904203317,733.1699
25/05/2020 at 13:22:41,1531.0,39.52909035862105,3.7194525904203317,733.1825
25/05/2020 at 13:22:44,1534.0,39.52909035862105,3.7194525904203317,733.2152
25/05/2020 at 13:22:47,1537.0,39.52909035862105,3.7194525904203317,733.2317
25/05/2020 at 13:22:50,1540.0,39.52909035862105,3.7194525904203317,733.2716
25/05/2020 at 13:22:53,1542.0,39.52909035862105,3.7194525904203317,733.297
25/05/2020 at 13:22:56,1545.0,39.52909035862105,3.7194525904203317,733.32416
25/05/2020 at 13:22:59,1548.0,39.52909035862105,3.7194525904203317,733.35876
25/05/2020 at 13:23:01,1551.0,39.52909035862105,3.7194525904203317,733.39386
25/05/2020 at 13:23:04,1554.0,39.52909035862105,3.7194525904203317,733.4115
25/05/2020 at 13:23:07,1557.0,39.52909035862105,3.7194525904203317,733.72455
25/05/2020 at 13:23:10,1560.0,39.52909035862105,3.7194525904203317,733.7136
25/05/2020 at 13:23:13,1563.0,39.52909035862105,3.7194525904203317,733.71484
25/05/2020 at 13:23:16,1565.0,39.52909035862105,3.7194525904203317,733.7257
25/05/2020 at 13:23:19,1568.0,39.52909035862105,3.7194525904203317,733.7313
25/05/2020 at 13:23:21,1571.0,39.52909035862105,3.7194525904203317,733.73566
25/05/2020 at 13:23:24,1574.0,39.52909035862105,3.7194525904203317,733.7429
25/05/2020 at 13:23:27,1577.0,39.52909035862105,3.7194525904203317,733.755
25/05/2020 at 13:23:30,1580.0,39.52909035862105,3.7194525904203317,733.771
25/05/2020 at 13:23:33,1583.0,39.52909035862105,3.7194525904203317,733.7969
25/05/2020 at 13:23:36,1585.0,39.52909035862105,3.7194525904203317,733.8243
25/05/2020 at 13:23:39,1588.0,39.52909035862105,3.7194525904203317,733.84674
25/05/2020 at 13:23:41,1591.0,39.52909035862105,3.7194525904203317,733.8652
25/05/2020 at 13:23:44,1594.0,39.52909035862105,3.7194525904203317,733.87244
25/05/2020 at 13:23:47,1597.0,39.52909035862105,3.7194525904203317,733.89374
25/05/2020 at 13:23:50,1600.0,39.52909035862105,3.7194525904203317,733.9102
25/05/2020 at 13:23:53,1603.0,39.52909035862105,3.7194525904203317,733.94794
25/05/2020 at 13:23:56,1605.0,39.52909035862105,3.7194525904203317,733.9775
25/05/2020 at 13:23:59,1608.0,39.52909035862105,3.7194525904203317,734.01306
25/05/2020 at 13:24:01,1611.0,39.52909035862105,3.7194525904203317,734.0245
25/05/2020 at 13:24:04,1614.0,39.52909035862105,3.7194525904203317,734.04065
25/05/2020 at 13:24:07,1617.0,39.52909035862105,3.7194525904203317,734.0702
25/05/2020 at 13:24:10,1620.0,39.52909035862105,3.7194525904203317,734.0898
25/05/2020 at 13:24:13,1622.0,39.52909035862105,3.7194525904203317,734.1116
25/05/2020 at 13:24:16,1625.0,39.52909035862105,3.7194525904203317,734.13776
25/05/2020 at 13:24:19,1628.0,39.52909035862105,3.7194525904203317,734.1634
25/05/2020 at 13:24:21,1631.0,39.52909035862105,3.7194525904203317,734.1864
25/05/2020 at 13:24:24,1634.0,39.52909035862105,3.7194525904203317,734.2198
25/05/2020 at 13:24:27,1637.0,39.52909035862105,3.7194525904203317,734.2476
25/05/2020 at 13:24:30,1640.0,39.52909035862105,3.7194525904203317,734.2711
25/05/2020 at 13:24:33,1642.0,39.52909035862105,3.7194525904203317,734.2961
25/05/2020 at 13:24:36,1645.0,39.52909035862105,3.7194525904203317,734.31494
25/05/2020 at 13:24:39,1648.0,39.52909035862105,3.7194525904203317,734.33527
25/05/2020 at 13:24:41,1651.0,39.52909035862105,3.7194525904203317,734.35486
25/05/2020 at 13:24:44,1654.0,39.52909035862105,3.7194525904203317,734.39746
25/05/2020 at 13:24:47,1657.0,39.52909035862105,3.7194525904203317,734.41876
25/05/2020 at 13:24:50,1660.0,39.52909035862105,3.7194525904203317,734.44543
25/05/2020 at 13:24:53,1662.0,39.52909035862105,3.7194525904203317,734.47687
25/05/2020 at 13:24:56,1665.0,39.52909035862105,3.7194525904203317,734.49744
25/05/2020 at 13:24:59,1668.0,39.52909035862105,3.7194525904203317,734.5345
25/05/2020 at 13:25:01,1671.0,39.52909035862105,3.7194525904203317,734.5565
25/05/2020 at 13:25:04,1674.0,39.52909035862105,3.7194525904203317,734.58386
25/05/2020 at 13:25:07,1677.0,39.52909035862105,3.7194525904203317,734.59625
25/05/2020 at 13:25:10,1680.0,39.52909035862105,3.7194525904203317,734.626
25/05/2020 at 13:25:13,1682.0,39.52909035862105,3.7194525904203317,734.6517
25/05/2020 at 13:25:16,1685.0,39.52909035862105,3.7194525904203317,734.67535
25/05/2020 at 13:25:19,1688.0,39.52909035862105,3.7194525904203317,734.7088
25/05/2020 at 13:25:21,1691.0,39.52909035862105,3.7194525904203317,734.7274
25/05/2020 at 13:25:24,1694.0,39.52909035862105,3.7194525904203317,734.7608
25/05/2020 at 13:25:27,1697.0,39.52909035862105,3.7194525904203317,734.7802
25/05/2020 at 13:25:30,1700.0,39.52909035862105,3.7194525904203317,734.8107
25/05/2020 at 13:25:33,1702.0,39.52909035862105,3.7194525904203317,734.83295
25/05/2020 at 13:25:36,1705.0,39.52909035862105,3.7194525904203317,734.8516
25/05/2020 at 13:25:38,1708.0,39.52909035862105,3.7194525904203317,734.88214
25/05/2020 at 13:25:41,1711.0,39.52909035862105,3.7194525904203317,734.9051
25/05/2020 at 13:25:44,1714.0,39.52909035862105,3.7194525904203317,734.93005
25/05/2020 at 13:25:47,1717.0,39.52909035862105,3.7194525904203317,734.93536
25/05/2020 at 13:25:50,1719.0,39.52909035862105,3.7194525904203317,734.95886
25/05/2020 at 13:25:53,1722.0,39.52909035862105,3.7194525904203317,734.9755
25/05/2020 at 13:25:56,1725.0,39.52909035862105,3.7194525904203317,735.0225
25/05/2020 at 13:25:58,1728.0,39.52909035862105,3.7194525904203317,735.0336
25/05/2020 at 13:26:01,1731.0,39.52909035862105,3.7194525904203317,735.06055
25/05/2020 at 13:26:04,1734.0,39.52909035862105,3.7194525904203317,735.07263
25/05/2020 at 13:26:07,1737.0,39.52909035862105,3.7194525904203317,735.0932
25/05/2020 at 13:26:10,1739.0,39.52909035862105,3.7194525904203317,735.1215
25/05/2020 at 13:26:13,1742.0,39.52909035862105,3.7194525904203317,735.15564
25/05/2020 at 13:26:16,1745.0,39.52909035862105,3.7194525904203317,735.1757
25/05/2020 at 13:26:18,1748.0,39.52909035862105,3.7194525904203317,735.20624
25/05/2020 at 13:26:21,1751.0,39.52909035862105,3.7194525904203317,735.2188
25/05/2020 at 13:26:24,1754.0,39.52909035862105,3.7194525904203317,735.2326
25/05/2020 at 13:26:27,1757.0,39.52909035862105,3.7194525904203317,735.2571
25/05/2020 at 13:26:30,1759.0,39.52909035862105,3.7194525904203317,735.2893
25/05/2020 at 13:26:33,1762.0,39.52909035862105,3.7194525904203317,735.3193
25/05/2020 at 13:26:36,1765.0,39.52909035862105,3.7194525904203317,735.3452
25/05/2020 at 13:26:38,1768.0,39.52909035862105,3.7194525904203317,735.3738
25/05/2020 at 13:26:41,1771.0,39.52909035862105,3.7194525904203317,735.38855
25/05/2020 at 13:26:44,1774.0,39.52909035862105,3.7194525904203317,735.42096
25/05/2020 at 13:26:47,1777.0,39.52909035862105,3.7194525904203317,735.4357
25/05/2020 at 13:26:50,1779.0,39.52909035862105,3.7194525904203317,735.4638
25/05/2020 at 13:26:53,1782.0,39.52909035862105,3.7194525904203317,735.5023
25/05/2020 at 13:26:55,1785.0,39.52909035862105,3.7194525904203317,735.5185
25/05/2020 at 13:26:58,1788.0,39.52909035862105,3.7194525904203317,735.541
25/05/2020 at 13:27:01,1791.0,39.52909035862105,3.7194525904203317,735.558
25/05/2020 at 13:27:04,1794.0,39.52909035862105,3.7194525904203317,735.5795
25/05/2020 at 13:27:07,1796.0,39.52909035862105,3.7194525904203317,735.5911
25/05/2020 at 13:27:10,1799.0,39.52909035862105,3.7194525904203317,735.61194
25/05/2020 at 13:27:13,1802.0,39.52909035862105,3.7194525904203317,735.6226
25/05/2020 at 13:27:16,1805.0,39.52909035862105,3.7194525904203317,735.771
25/05/2020 at 13:27:18,1808.0,39.52909035862105,3.7194525904203317,735.7923
25/05/2020 at 13:27:21,1811.0,39.52909035862105,3.7194525904203317,735.8046
25/05/2020 at 13:27:24,1814.0,39.52909035862105,3.7194525904203317,735.8119
25/05/2020 at 13:27:27,1817.0,39.52909035862105,3.7194525904203317,735.83514
25/05/2020 at 13:27:30,1819.0,39.52909035862105,3.7194525904203317,735.8552
25/05/2020 at 13:27:33,1822.0,39.52909035862105,3.7194525904203317,735.87506
25/05/2020 at 13:27:36,1825.0,39.52909035862105,3.7194525904203317,736.0409
25/05/2020 at 13:27:38,1828.0,39.52909035862105,3.7194525904203317,736.02954
25/05/2020 at 13:27:41,1831.0,39.52909035862105,3.7194525904203317,736.0339
25/05/2020 at 13:27:44,1834.0,39.52909035862105,3.7194525904203317,736.0356
25/05/2020 at 13:27:47,1837.0,39.52909035862105,3.7194525904203317,736.05396
25/05/2020 at 13:27:50,1839.0,39.52909035862105,3.7194525904203317,736.0607
25/05/2020 at 13:27:53,1842.0,39.52909035862105,3.7194525904203317,736.0671
25/05/2020 at 13:27:56,1845.0,39.52909035862105,3.7194525904203317,736.0869
25/05/2020 at 13:27:58,1848.0,39.52909035862105,3.7194525904203317,736.0949
25/05/2020 at 13:28:01,1851.0,39.52909035862105,3.7194525904203317,736.0995
25/05/2020 at 13:28:04,1854.0,39.52909035862105,3.7194525904203317,736.12805
25/05/2020 at 13:28:07,1857.0,39.52909035862105,3.7194525904203317,736.1394
25/05/2020 at 13:28:10,1859.0,39.52909035862105,3.7194525904203317,736.15955
25/05/2020 at 13:28:13,1862.0,39.52909035862105,3.7194525904203317,736.1714
25/05/2020 at 13:28:16,1865.0,39.52909035862105,3.7194525904203317,736.2012
25/05/2020 at 13:28:18,1868.0,39.52909035862105,3.7194525904203317,736.23096
25/05/2020 at 13:28:21,1871.0,39.52909035862105,3.7194525904203317,736.2469
25/05/2020 at 13:28:24,1874.0,39.52909035862105,3.7194525904203317,736.2573
25/05/2020 at 13:28:27,1877.0,39.52909035862105,3.7194525904203317,736.2706
25/05/2020 at 13:28:30,1879.0,39.52909035862105,3.7194525904203317,736.30817
25/05/2020 at 13:28:33,1882.0,39.52909035862105,3.7194525904203317,736.329
25/05/2020 at 13:28:36,1885.0,39.52909035862105,3.7194525904203317,736.34375
25/05/2020 at 13:28:38,1888.0,39.52909035862105,3.7194525904203317,736.3563
25/05/2020 at 13:28:41,1891.0,39.52909035862105,3.7194525904203317,736.3873
25/05/2020 at 13:28:44,1894.0,39.52909035862105,3.7194525904203317,736.3987
25/05/2020 at 13:28:47,1897.0,39.52909035862105,3.7194525904203317,736.4101
25/05/2020 at 13:28:50,1900.0,39.52909035862105,3.7194525904203317,736.4222
25/05/2020 at 13:28:53,1902.0,39.52909035862105,3.7194525904203317,736.4287
25/05/2020 at 13:28:56,1905.0,39.52909035862105,3.7194525904203317,736.4435
25/05/2020 at 13:28:58,1908.0,39.52909035862105,3.7194525904203317,736.46234
25/05/2020 at 13:29:01,1911.0,39.52909035862105,3.7194525904203317,736.47833
25/05/2020 at 13:29:04,1914.0,39.52909035862105,3.7194525904203317,736.4909
25/05/2020 at 13:29:07,1917.0,39.52909035862105,3.7194525904203317,736.5117
25/05/2020 at 13:29:10,1920.0,39.52909035862105,3.7194525904203317,736.53253
25/05/2020 at 13:29:13,1922.0,39.52909035862105,3.7194525904203317,736.55896
25/05/2020 at 13:29:16,1925.0,39.52909035862105,3.7194525904203317,736.57635
25/05/2020 at 13:29:19,1928.0,39.52909035862105,3.7194525904203317,736.5805
25/05/2020 at 13:29:21,1931.0,39.52909035862105,3.7194525904203317,736.6028
25/05/2020 at 13:29:24,1934.0,39.52909035862105,3.7194525904203317,736.6231
25/05/2020 at 13:29:27,1937.0,39.52909035862105,3.7194525904203317,736.6316
25/05/2020 at 13:29:30,1940.0,39.52909035862105,3.7194525904203317,736.6543
25/05/2020 at 13:29:33,1942.0,39.52909035862105,3.7194525904203317,736.67755
25/05/2020 at 13:29:36,1945.0,39.52909035862105,3.7194525904203317,736.6901
25/05/2020 at 13:29:39,1948.0,39.52909035862105,3.7194525904203317,736.7119
25/05/2020 at 13:29:41,1951.0,39.52909035862105,3.7194525904203317,736.778
25/05/2020 at 13:29:44,1954.0,39.52909035862105,3.7194525904203317,736.7933
25/05/2020 at 13:29:47,1957.0,39.52909035862105,3.7194525904203317,736.8105
25/05/2020 at 13:29:50,1960.0,39.52909035862105,3.7194525904203317,736.82355
25/05/2020 at 13:29:53,1962.0,39.52909035862105,3.7194525904203317,736.8419
25/05/2020 at 13:29:56,1965.0,39.52909035862105,3.7194525904203317,736.8439
25/05/2020 at 13:29:59,1968.0,39.52909035862105,3.7194525904203317,736.8615
25/05/2020 at 13:30:01,1971.0,39.52909035862105,3.7194525904203317,736.8674
25/05/2020 at 13:30:04,1974.0,39.52909035862105,3.7194525904203317,736.8792
25/05/2020 at 13:30:07,1977.0,39.52909035862105,3.7194525904203317,736.8843
25/05/2020 at 13:30:10,1980.0,39.52909035862105,3.7194525904203317,736.88525
25/05/2020 at 13:30:13,1982.0,39.52909035862105,3.7194525904203317,736.9036
25/05/2020 at 13:30:16,1985.0,39.52909035862105,3.7194525904203317,736.8976
25/05/2020 at 13:30:19,1988.0,39.52909035862105,3.7194525904203317,736.9153
25/05/2020 at 13:30:21,1991.0,39.52909035862105,3.7194525904203317,736.9245
25/05/2020 at 13:30:24,1994.0,39.52909035862105,3.7194525904203317,736.92426
25/05/2020 at 13:30:27,1997.0,39.52909035862105,3.7194525904203317,736.94745
25/05/2020 at 13:30:30,2000.0,39.52909035862105,3.7194525904203317,736.9661
25/05/2020 at 13:30:33,2002.0,39.52909035862105,3.7194525904203317,736.9777
25/05/2020 at 13:30:36,2005.0,39.52909035862105,3.7194525904203317,736.9954
25/05/2020 at 13:30:39,2008.0,39.52909035862105,3.7194525904203317,737.01526
25/05/2020 at 13:30:42,2011.0,39.52909035862105,3.7194525904203317,737.23096
25/05/2020 at 13:30:44,2014.0,39.52909035862105,3.7194525904203317,737.221
25/05/2020 at 13:30:47,2017.0,39.52909035862105,3.7194525904203317,737.2099
25/05/2020 at 13:30:50,2020.0,39.474860564348994,3.7194525904203317,737.2198
25/05/2020 at 13:30:53,2023.0,39.474860564348994,3.7194525904203317,737.2842
25/05/2020 at 13:30:56,2025.0,39.474860564348994,3.7194525904203317,737.2774
25/05/2020 at 13:30:59,2028.0,39.474860564348994,3.7194525904203317,737.2624
25/05/2020 at 13:31:02,2031.0,39.474860564348994,3.7194525904203317,737.2438
25/05/2020 at 13:31:04,2034.0,39.474860564348994,3.7194525904203317,737.22394
25/05/2020 at 13:31:07,2037.0,39.474860564348994,3.7194525904203317,737.20624
25/05/2020 at 13:31:10,2040.0,39.474860564348994,3.7194525904203317,737.26483
25/05/2020 at 13:31:13,2043.0,39.474860564348994,3.7194525904203317,737.23193
25/05/2020 at 13:31:16,2046.0,39.474860564348994,3.7194525904203317,737.1854
25/05/2020 at 13:31:19,2049.0,39.474860564348994,3.7194525904203317,737.14087
25/05/2020 at 13:31:22,2051.0,39.474860564348994,3.7194525904203317,737.1113
25/05/2020 at 13:31:25,2054.0,39.52909035862105,3.7194525904203317,737.04913
25/05/2020 at 13:31:28,2057.0,39.52909035862105,3.7194525904203317,736.9564
25/05/2020 at 13:31:30,2060.0,39.52909035862105,3.7194525904203317,736.9453
25/05/2020 at 13:31:33,2063.0,39.52909035862105,3.7194525904203317,736.9308
25/05/2020 at 13:31:36,2066.0,39.52909035862105,3.7194525904203317,736.9322
25/05/2020 at 13:31:39,2069.0,39.52909035862105,3.7194525904203317,736.9211
25/05/2020 at 13:31:42,2072.0,39.52909035862105,3.7194525904203317,736.92035
25/05/2020 at 13:31:45,2074.0,39.52909035862105,3.7194525904203317,736.9158
25/05/2020 at 13:31:48,2077.0,39.52909035862105,3.7194525904203317,736.9056
25/05/2020 at 13:31:50,2080.0,39.52909035862105,3.7194525904203317,736.90533
25/05/2020 at 13:31:53,2083.0,39.52909035862105,3.7194525904203317,736.8945
25/05/2020 at 13:31:56,2086.0,39.52909035862105,3.7194525904203317,736.89276
25/05/2020 at 13:31:59,2089.0,39.52909035862105,3.7194525904203317,736.8971
25/05/2020 at 13:32:02,2092.0,39.52909035862105,3.7194525904203317,736.9
25/05/2020 at 13:32:05,2094.0,39.52909035862105,3.7194525904203317,736.8945
25/05/2020 at 13:32:08,2097.0,39.52909035862105,3.7194525904203317,736.9046
25/05/2020 at 13:32:10,2100.0,39.52909035862105,3.7194525904203317,736.89856
25/05/2020 at 13:32:13,2103.0,39.52909035862105,3.7194525904203317,736.8925
25/05/2020 at 13:32:16,2106.0,39.52909035862105,3.7194525904203317,736.8908
25/05/2020 at 13:32:19,2109.0,39.52909035862105,3.7194525904203317,736.8828
25/05/2020 at 13:32:22,2112.0,39.52909035862105,3.7194525904203317,736.88403
25/05/2020 at 13:32:25,2114.0,39.52909035862105,3.7194525904203317,736.8785
25/05/2020 at 13:32:28,2117.0,39.52909035862105,3.7194525904203317,736.8814
25/05/2020 at 13:32:30,2120.0,39.52909035862105,3.7194525904203317,736.87994
25/05/2020 at 13:32:33,2123.0,39.52909035862105,3.7194525904203317,736.87366
25/05/2020 at 13:32:36,2126.0,39.52909035862105,3.7194525904203317,736.8823
25/05/2020 at 13:32:39,2129.0,39.52909035862105,3.7194525904203317,736.8787
25/05/2020 at 13:32:42,2132.0,39.52909035862105,3.7194525904203317,736.8802
25/05/2020 at 13:32:45,2134.0,39.52909035862105,3.7194525904203317,736.88477
25/05/2020 at 13:32:48,2137.0,39.52909035862105,3.7194525904203317,736.88214
25/05/2020 at 13:32:50,2140.0,39.52909035862105,3.7194525904203317,736.8845
25/05/2020 at 13:32:53,2143.0,39.52909035862105,3.7194525904203317,736.8775
25/05/2020 at 13:32:56,2146.0,39.52909035862105,3.7194525904203317,736.88354
25/05/2020 at 13:32:59,2149.0,39.52909035862105,3.7194525904203317,736.8758
25/05/2020 at 13:33:02,2152.0,39.52909035862105,3.7194525904203317,736.87823
25/05/2020 at 13:33:05,2154.0,39.52909035862105,3.7194525904203317,736.8942
25/05/2020 at 13:33:08,2157.0,39.52909035862105,3.7194525904203317,736.89276
25/05/2020 at 13:33:10,2160.0,39.52909035862105,3.7194525904203317,736.90533
25/05/2020 at 13:33:13,2163.0,39.52909035862105,3.7194525904203317,736.8998
25/05/2020 at 13:33:16,2166.0,39.52909035862105,3.7194525904203317,736.901
25/05/2020 at 13:33:19,2169.0,39.52909035862105,3.7194525904203317,736.89954
25/05/2020 at 13:33:22,2171.0,39.52909035862105,3.7194525904203317,736.90076
25/05/2020 at 13:33:25,2174.0,39.52909035862105,3.7194525904203317,736.91504
25/05/2020 at 13:33:28,2177.0,39.52909035862105,3.7194525904203317,736.9138
25/05/2020 at 13:33:30,2180.0,39.52909035862105,3.7194525904203317,736.9085
25/05/2020 at 13:33:33,2183.0,39.52909035862105,3.7194525904203317,736.9109
25/05/2020 at 13:33:36,2186.0,39.52909035862105,3.7194525904203317,736.9201
25/05/2020 at 13:33:39,2189.0,39.52909035862105,3.7194525904203317,736.9138
25/05/2020 at 13:33:42,2191.0,39.52909035862105,3.7194525904203317,736.90875
25/05/2020 at 13:33:45,2194.0,39.52909035862105,3.7194525904203317,736.9136
25/05/2020 at 13:33:48,2197.0,39.52909035862105,3.7194525904203317,736.92084
25/05/2020 at 13:33:50,2200.0,39.52909035862105,3.7194525904203317,736.93176
25/05/2020 at 13:33:53,2203.0,39.52909035862105,3.7194525904203317,736.92957
25/05/2020 at 13:33:56,2206.0,39.52909035862105,3.7194525904203317,736.9327
25/05/2020 at 13:33:59,2209.0,39.52909035862105,3.7194525904203317,736.93243
25/05/2020 at 13:34:02,2211.0,39.52909035862105,3.7194525904203317,736.9276
25/05/2020 at 13:34:05,2214.0,39.52909035862105,3.7194525904203317,736.92957
25/05/2020 at 13:34:08,2217.0,39.52909035862105,3.7194525904203317,736.93176
25/05/2020 at 13:34:10,2220.0,39.52909035862105,3.7194525904203317,736.9322
25/05/2020 at 13:34:13,2223.0,39.52909035862105,3.7194525904203317,736.92566
25/05/2020 at 13:34:16,2226.0,39.52909035862105,3.7194525904203317,737.1506
25/05/2020 at 13:34:19,2229.0,39.52909035862105,3.7194525904203317,737.115
25/05/2020 at 13:34:22,2232.0,39.52909035862105,3.7194525904203317,737.0903
25/05/2020 at 13:34:25,2234.0,39.52909035862105,3.7194525904203317,737.0821
25/05/2020 at 13:34:28,2237.0,39.52909035862105,3.7194525904203317,737.0697
25/05/2020 at 13:34:31,2240.0,39.52909035862105,3.7194525904203317,737.04767
25/05/2020 at 13:34:33,2243.0,39.52909035862105,3.7194525904203317,737.04987
25/05/2020 at 13:34:36,2246.0,39.52909035862105,3.7194525904203317,737.0533
25/05/2020 at 13:34:39,2249.0,39.52909035862105,3.7194525904203317,737.05084
25/05/2020 at 13:34:42,2252.0,39.52909035862105,3.7194525904203317,737.04694
25/05/2020 at 13:34:45,2254.0,39.52909035862105,3.7194525904203317,737.05304
25/05/2020 at 13:34:48,2257.0,39.52909035862105,3.7194525904203317,737.0552
25/05/2020 at 13:34:51,2260.0,39.52909035862105,3.7194525904203317,737.0511
25/05/2020 at 13:34:53,2263.0,39.52909035862105,3.7194525904203317,737.04553
25/05/2020 at 13:34:56,2266.0,39.52909035862105,3.7194525904203317,737.04645
25/05/2020 at 13:34:59,2269.0,39.52909035862105,3.7194525904203317,737.0516
25/05/2020 at 13:35:02,2272.0,39.52909035862105,3.7194525904203317,737.0489
25/05/2020 at 13:35:05,2275.0,39.52909035862105,3.7194525904203317,737.04407
25/05/2020 at 13:35:08,2277.0,39.52909035862105,3.7194525904203317,737.03485
25/05/2020 at 13:35:11,2280.0,39.52909035862105,3.7194525904203317,737.0458
25/05/2020 at 13:35:13,2283.0,39.52909035862105,3.7194525904203317,737.0547
25/05/2020 at 13:35:16,2286.0,39.52909035862105,3.7194525904203317,737.04767
25/05/2020 at 13:35:19,2289.0,39.52909035862105,3.7194525904203317,737.0537
25/05/2020 at 13:35:22,2292.0,39.52909035862105,3.7194525904203317,737.0564
25/05/2020 at 13:35:25,2295.0,39.52909035862105,3.7194525904203317,737.0494
25/05/2020 at 13:35:28,2297.0,39.52909035862105,3.7194525904203317,737.04865
25/05/2020 at 13:35:31,2300.0,39.52909035862105,3.7194525904203317,737.0494
25/05/2020 at 13:35:34,2303.0,39.52909035862105,3.7194525904203317,737.0516
25/05/2020 at 13:35:36,2306.0,39.52909035862105,3.7194525904203317,737.0607
25/05/2020 at 13:35:39,2309.0,39.52909035862105,3.7194525904203317,737.0576
25/05/2020 at 13:35:42,2312.0,39.52909035862105,3.7194525904203317,737.05444
25/05/2020 at 13:35:45,2315.0,39.52909035862105,3.7194525904203317,737.03754
25/05/2020 at 13:35:48,2317.0,39.52909035862105,3.7194525904203317,737.04987
25/05/2020 at 13:35:51,2320.0,39.52909035862105,3.7194525904203317,737.18713
25/05/2020 at 13:35:54,2323.0,39.52909035862105,3.7194525904203317,737.17694
25/05/2020 at 13:35:56,2326.0,39.52909035862105,3.7194525904203317,737.1678
25/05/2020 at 13:35:59,2329.0,39.52909035862105,3.7194525904203317,737.1784
25/05/2020 at 13:36:02,2332.0,39.52909035862105,3.7194525904203317,737.1738
25/05/2020 at 13:36:05,2335.0,39.52909035862105,3.7194525904203317,737.1581
25/05/2020 at 13:36:08,2337.0,39.52909035862105,3.7194525904203317,737.1537
25/05/2020 at 13:36:11,2340.0,39.52909035862105,3.7194525904203317,737.1561
25/05/2020 at 13:36:14,2343.0,39.52909035862105,3.7194525904203317,737.15857
25/05/2020 at 13:36:16,2346.0,39.52909035862105,3.7194525904203317,737.1537
25/05/2020 at 13:36:19,2349.0,39.52909035862105,3.7194525904203317,737.1588
25/05/2020 at 13:36:22,2352.0,39.52909035862105,3.7194525904203317,737.1617
25/05/2020 at 13:36:25,2355.0,39.52909035862105,3.7194525904203317,737.2539
25/05/2020 at 13:36:28,2358.0,39.52909035862105,3.7194525904203317,737.2331
25/05/2020 at 13:36:31,2360.0,39.52909035862105,3.7194525904203317,737.2336
25/05/2020 at 13:36:34,2363.0,39.52909035862105,3.7194525904203317,737.22876
25/05/2020 at 13:36:37,2366.0,39.52909035862105,3.7194525904203317,737.22656
25/05/2020 at 13:36:39,2369.0,39.52909035862105,3.7194525904203317,737.31104
25/05/2020 at 13:36:42,2372.0,39.52909035862105,3.7194525904203317,737.30286
25/05/2020 at 13:36:45,2375.0,39.52909035862105,3.7194525904203317,737.28033
25/05/2020 at 13:36:48,2378.0,39.52909035862105,3.7194525904203317,737.2716
25/05/2020 at 13:36:51,2380.0,39.52909035862105,3.7194525904203317,737.26917
25/05/2020 at 13:36:54,2383.0,39.52909035862105,3.7194525904203317,737.2694
25/05/2020 at 13:36:57,2386.0,39.52909035862105,3.7194525904203317,737.26434
25/05/2020 at 13:36:59,2389.0,39.52909035862105,3.7194525904203317,737.26025
25/05/2020 at 13:37:02,2392.0,39.52909035862105,3.7194525904203317,737.25006
25/05/2020 at 13:37:05,2395.0,39.52909035862105,3.7194525904203317,737.25464
25/05/2020 at 13:37:08,2398.0,39.52909035862105,3.7194525904203317,737.2605
25/05/2020 at 13:37:11,2400.0,39.52909035862105,3.7194525904203317,737.27014
25/05/2020 at 13:37:14,2403.0,39.52909035862105,3.7194525904203317,737.2748
25/05/2020 at 13:37:17,2406.0,39.52909035862105,3.7194525904203317,737.2636
25/05/2020 at 13:37:19,2409.0,39.52909035862105,3.7194525904203317,737.2704
25/05/2020 at 13:37:22,2412.0,39.52909035862105,3.7194525904203317,737.27545
25/05/2020 at 13:37:25,2415.0,39.52909035862105,3.7194525904203317,737.2951
25/05/2020 at 13:37:28,2418.0,39.52909035862105,3.7194525904203317,737.28784
25/05/2020 at 13:37:31,2420.0,39.52909035862105,3.7194525904203317,737.2818
25/05/2020 at 13:37:34,2423.0,39.52909035862105,3.7194525904203317,737.28467
25/05/2020 at 13:37:37,2426.0,39.52909035862105,3.7194525904203317,737.28906
25/05/2020 at 13:37:39,2429.0,39.52909035862105,3.7194525904203317,737.29047
25/05/2020 at 13:37:42,2432.0,39.52909035862105,3.7194525904203317,737.2842
25/05/2020 at 13:37:45,2435.0,39.52909035862105,3.7194525904203317,737.2876
25/05/2020 at 13:37:48,2438.0,39.52909035862105,3.7194525904203317,737.2963
25/05/2020 at 13:37:51,2440.0,39.52909035862105,3.7194525904203317,737.3031
25/05/2020 at 13:37:54,2443.0,39.52909035862105,3.7194525904203317,737.31714
25/05/2020 at 13:37:57,2446.0,39.52909035862105,3.7194525904203317,737.3135
25/05/2020 at 13:37:59,2449.0,39.52909035862105,3.7194525904203317,737.32605
25/05/2020 at 13:38:02,2452.0,39.52909035862105,3.7194525904203317,737.3239
25/05/2020 at 13:38:05,2455.0,39.52909035862105,3.7194525904203317,737.3285
25/05/2020 at 13:38:08,2458.0,39.52909035862105,3.7194525904203317,737.313
25/05/2020 at 13:38:11,2460.0,39.52909035862105,3.7194525904203317,737.3212
25/05/2020 at 13:38:14,2463.0,39.52909035862105,3.7194525904203317,737.321
25/05/2020 at 13:38:17,2466.0,39.52909035862105,3.7194525904203317,737.3253
25/05/2020 at 13:38:19,2469.0,39.52909035862105,3.7194525904203317,737.33307
25/05/2020 at 13:38:22,2472.0,39.52909035862105,3.7194525904203317,737.33215
25/05/2020 at 13:38:25,2475.0,39.52909035862105,3.7194525904203317,737.33673
25/05/2020 at 13:38:28,2478.0,39.52909035862105,3.7194525904203317,737.3307
25/05/2020 at 13:38:31,2480.0,39.52909035862105,3.7194525904203317,737.3253
25/05/2020 at 13:38:34,2483.0,39.52909035862105,3.7194525904203317,737.32025
25/05/2020 at 13:38:37,2486.0,39.52909035862105,3.7194525904203317,737.32196
25/05/2020 at 13:38:39,2489.0,39.52909035862105,3.7194525904203317,737.3406
25/05/2020 at 13:38:42,2492.0,39.52909035862105,3.7194525904203317,737.3348
25/05/2020 at 13:38:45,2495.0,39.52909035862105,3.7194525904203317,737.3326
25/05/2020 at 13:38:48,2498.0,39.52909035862105,3.7194525904203317,737.6091
25/05/2020 at 13:38:51,2501.0,39.52909035862105,3.7194525904203317,737.5836
25/05/2020 at 13:38:54,2503.0,39.52909035862105,3.7194525904203317,737.54974
25/05/2020 at 13:38:57,2506.0,39.52909035862105,3.7194525904203317,737.52673
25/05/2020 at 13:39:00,2509.0,39.52909035862105,3.7194525904203317,737.5202
25/05/2020 at 13:39:02,2512.0,39.52909035862105,3.7194525904203317,737.5081
25/05/2020 at 13:39:05,2515.0,39.52909035862105,3.7194525904203317,737.50446
25/05/2020 at 13:39:08,2518.0,39.52909035862105,3.7194525904203317,737.4963
25/05/2020 at 13:39:11,2521.0,39.52909035862105,3.7194525904203317,737.4977
25/05/2020 at 13:39:14,2523.0,39.52909035862105,3.7194525904203317,737.50616
25/05/2020 at 13:39:17,2526.0,39.52909035862105,3.7194525904203317,737.5115
25/05/2020 at 13:39:20,2529.0,39.52909035862105,3.7194525904203317,737.4972
25/05/2020 at 13:39:22,2532.0,39.52909035862105,3.7194525904203317,737.4941
25/05/2020 at 13:39:25,2535.0,39.52909035862105,3.7194525904203317,737.50037
25/05/2020 at 13:39:28,2538.0,39.52909035862105,3.7194525904203317,737.5006
25/05/2020 at 13:39:31,2541.0,39.52909035862105,3.7194525904203317,737.51514
25/05/2020 at 13:39:34,2543.0,39.52909035862105,3.7194525904203317,737.5161
25/05/2020 at 13:39:37,2546.0,39.52909035862105,3.7194525904203317,737.5091
25/05/2020 at 13:39:40,2549.0,39.52909035862105,3.7194525904203317,737.50494
25/05/2020 at 13:39:42,2552.0,39.52909035862105,3.7194525904203317,737.5033
25/05/2020 at 13:39:45,2555.0,39.52909035862105,3.7194525904203317,737.4941
25/05/2020 at 13:39:48,2558.0,39.52909035862105,3.7194525904203317,737.50183
25/05/2020 at 13:39:51,2561.0,39.52909035862105,3.7194525904203317,737.5064
25/05/2020 at 13:39:54,2563.0,39.52909035862105,3.7194525904203317,737.5047
25/05/2020 at 13:39:57,2566.0,39.52909035862105,3.7194525904203317,737.5195
25/05/2020 at 13:40:00,2569.0,39.52909035862105,3.7194525904203317,737.5255
25/05/2020 at 13:40:02,2572.0,39.52909035862105,3.7194525904203317,737.52673
25/05/2020 at 13:40:05,2575.0,39.52909035862105,3.7194525904203317,737.525
25/05/2020 at 13:40:08,2578.0,39.52909035862105,3.7194525904203317,737.52795
25/05/2020 at 13:40:11,2581.0,39.52909035862105,3.7194525904203317,737.52435
25/05/2020 at 13:40:14,2583.0,39.52909035862105,3.7194525904203317,737.53375
25/05/2020 at 13:40:17,2586.0,39.52909035862105,3.7194525904203317,737.54517
25/05/2020 at 13:40:20,2589.0,39.52909035862105,3.7194525904203317,737.5403
25/05/2020 at 13:40:22,2592.0,39.52909035862105,3.7194525904203317,737.54803
25/05/2020 at 13:40:25,2595.0,39.52909035862105,3.7194525904203317,737.54706
25/05/2020 at 13:40:28,2598.0,39.52909035862105,3.7194525904203317,737.54974
25/05/2020 at 13:40:31,2601.0,39.52909035862105,3.7194525904203317,737.5543
25/05/2020 at 13:40:34,2603.0,39.52909035862105,3.7194525904203317,737.56836
25/05/2020 at 13:40:37,2606.0,39.52909035862105,3.7194525904203317,737.5747
25/05/2020 at 13:40:40,2609.0,39.52909035862105,3.7194525904203317,737.56885
25/05/2020 at 13:40:42,2612.0,39.52909035862105,3.7194525904203317,737.5853
25/05/2020 at 13:40:45,2615.0,39.52909035862105,3.7194525904203317,737.57855
25/05/2020 at 13:40:48,2618.0,39.52909035862105,3.7194525904203317,737.56836
25/05/2020 at 13:40:51,2621.0,39.52909035862105,3.7194525904203317,737.5696
25/05/2020 at 13:40:54,2623.0,39.52909035862105,3.7194525904203317,737.5672
25/05/2020 at 13:40:57,2626.0,39.52909035862105,3.7194525904203317,737.57324
25/05/2020 at 13:40:59,2629.0,39.52909035862105,3.7194525904203317,737.58075
25/05/2020 at 13:41:02,2632.0,39.52909035862105,3.7194525904203317,737.57495
25/05/2020 at 13:41:05,2635.0,39.52909035862105,3.7194525904203317,737.5708
25/05/2020 at 13:41:08,2638.0,39.52909035862105,3.7194525904203317,737.8574
25/05/2020 at 13:41:11,2641.0,39.52909035862105,3.7194525904203317,737.8393
25/05/2020 at 13:41:14,2643.0,39.52909035862105,3.7194525904203317,737.81213
25/05/2020 at 13:41:17,2646.0,39.52909035862105,3.7194525904203317,737.79425
25/05/2020 at 13:41:20,2649.0,39.52909035862105,3.7194525904203317,737.78845
25/05/2020 at 13:41:22,2652.0,39.52909035862105,3.7194525904203317,737.7892
25/05/2020 at 13:41:25,2655.0,39.52909035862105,3.7194525904203317,737.7768
25/05/2020 at 13:41:28,2658.0,39.52909035862105,3.7194525904203317,737.7751
25/05/2020 at 13:41:31,2661.0,39.52909035862105,3.7194525904203317,737.7652
25/05/2020 at 13:41:34,2664.0,39.52909035862105,3.7194525904203317,737.7589
25/05/2020 at 13:41:37,2666.0,39.52909035862105,3.7194525904203317,737.74945
25/05/2020 at 13:41:40,2669.0,39.52909035862105,3.7194525904203317,737.748
25/05/2020 at 13:41:42,2672.0,39.52909035862105,3.7194525904203317,737.73035
25/05/2020 at 13:41:45,2675.0,39.52909035862105,3.7194525904203317,737.72986
25/05/2020 at 13:41:48,2678.0,39.52909035862105,3.7194525904203317,737.7313
25/05/2020 at 13:41:51,2681.0,39.52909035862105,3.7194525904203317,737.7296
25/05/2020 at 13:41:54,2684.0,39.52909035862105,3.7194525904203317,737.7272
25/05/2020 at 13:41:57,2686.0,39.52909035862105,3.7194525904203317,737.73517
25/05/2020 at 13:42:00,2689.0,39.52909035862105,3.7194525904203317,737.74194
25/05/2020 at 13:42:03,2692.0,39.52909035862105,3.7194525904203317,737.73834
25/05/2020 at 13:42:05,2695.0,39.52909035862105,3.7194525904203317,737.7272
25/05/2020 at 13:42:08,2698.0,39.52909035862105,3.7194525904203317,737.747
25/05/2020 at 13:42:11,2701.0,39.52909035862105,3.7194525904203317,737.7562
25/05/2020 at 13:42:14,2704.0,39.52909035862105,3.7194525904203317,737.7688
25/05/2020 at 13:42:17,2706.0,39.52909035862105,3.7194525904203317,737.76013
25/05/2020 at 13:42:20,2709.0,39.52909035862105,3.7194525904203317,737.77
25/05/2020 at 13:42:22,2712.0,39.52909035862105,3.7194525904203317,737.7749
25/05/2020 at 13:42:25,2715.0,39.52909035862105,3.7194525904203317,737.7744
25/05/2020 at 13:42:28,2718.0,39.52909035862105,3.7194525904203317,737.7664
25/05/2020 at 13:42:31,2721.0,39.52909035862105,3.7194525904203317,737.77826
25/05/2020 at 13:42:34,2724.0,39.52909035862105,3.7194525904203317,737.7753
25/05/2020 at 13:42:37,2726.0,39.52909035862105,3.7194525904203317,737.7674
25/05/2020 at 13:42:40,2729.0,39.52909035862105,3.7194525904203317,737.7657
25/05/2020 at 13:42:42,2732.0,39.52909035862105,3.7194525904203317,737.76904
25/05/2020 at 13:42:45,2735.0,39.52909035862105,3.7194525904203317,737.7717
25/05/2020 at 13:42:48,2738.0,39.52909035862105,3.7194525904203317,737.7604
25/05/2020 at 13:42:51,2741.0,39.52909035862105,3.7194525904203317,737.7727
25/05/2020 at 13:42:54,2743.0,39.52909035862105,3.7194525904203317,737.77466
25/05/2020 at 13:42:57,2746.0,39.52909035862105,3.7194525904203317,737.7669
25/05/2020 at 13:43:00,2749.0,39.52909035862105,3.7194525904203317,737.7758
25/05/2020 at 13:43:02,2752.0,39.52909035862105,3.7194525904203317,737.7817
25/05/2020 at 13:43:05,2755.0,39.52909035862105,3.7194525904203317,737.76807
25/05/2020 at 13:43:08,2758.0,39.52909035862105,3.7194525904203317,737.78143
25/05/2020 at 13:43:11,2761.0,39.52909035862105,3.7194525904203317,737.77344
25/05/2020 at 13:43:14,2763.0,39.52909035862105,3.7194525904203317,737.7737
25/05/2020 at 13:43:17,2766.0,39.52909035862105,3.7194525904203317,737.77
25/05/2020 at 13:43:20,2769.0,39.52909035862105,3.7194525904203317,737.76855
25/05/2020 at 13:43:22,2772.0,39.52909035862105,3.7194525904203317,737.7662
25/05/2020 at 13:43:25,2775.0,39.52909035862105,3.7194525904203317,737.762
25/05/2020 at 13:43:28,2778.0,39.52909035862105,3.7194525904203317,737.7555
25/05/2020 at 13:43:31,2781.0,39.52909035862105,3.7194525904203317,737.7664
25/05/2020 at 13:43:34,2783.0,39.52909035862105,3.7194525904203317,737.7751
25/05/2020 at 13:43:37,2786.0,39.52909035862105,3.7194525904203317,737.78217
25/05/2020 at 13:43:39,2789.0,39.52909035862105,3.7194525904203317,737.7717
25/05/2020 at 13:43:42,2792.0,39.52909035862105,3.7194525904203317,737.7715
25/05/2020 at 13:43:45,2795.0,39.52909035862105,3.7194525904203317,738.10095
25/05/2020 at 13:43:48,2798.0,39.52909035862105,3.7194525904203317,738.06464
25/05/2020 at 13:43:51,2801.0,39.52909035862105,3.7194525904203317,738.031
25/05/2020 at 13:43:54,2804.0,39.52909035862105,3.7194525904203317,738.02203
25/05/2020 at 13:43:57,2806.0,39.52909035862105,3.7194525904203317,737.99854
25/05/2020 at 13:44:00,2809.0,39.52909035862105,3.7194525904203317,737.99615
25/05/2020 at 13:44:03,2812.0,39.52909035862105,3.7194525904203317,737.97504
25/05/2020 at 13:44:05,2815.0,39.52909035862105,3.7194525904203317,737.97266